frame,n_fast,h_grad,rho
0,347,2.6676,0.02606
1,336,2.6639,0.02586
2,343,2.6680,0.02562
3,350,2.6709,0.02540
4,353,2.6767,0.02540
5,338,2.6782,0.02521
6,343,2.6835,0.02538
7,355,2.6877,0.02559
8,378,2.6926,0.02571
9,376,2.6936,0.02582
10,378,2.6967,0.02593
11,359,2.6896,0.02610
12,387,2.6902,0.02623
13,353,2.6842,0.02625
14,350,2.6805,0.02642
15,353,2.6807,0.02663
16,362,2.6791,0.02665
17,383,2.6786,0.02673
18,351,2.6745,0.02683
19,346,2.6649,0.02687
20,328,2.6656,0.02697
21,335,2.6605,0.02714
22,342,2.6622,0.02731
23,345,2.6606,0.02744
24,347,2.6595,0.02747
25,325,2.6638,0.02755
26,341,2.6705,0.02766
27,334,2.6718,0.02761
28,353,2.6822,0.02761
29,361,2.6863,0.02778
30,361,2.6979,0.02787
31,363,2.7037,0.02772
32,371,2.7083,0.02789
33,378,2.7134,0.02807
34,381,2.7164,0.02802
35,367,2.7193,0.02795
36,380,2.7164,0.02821
37,382,2.7195,0.02794
38,364,2.7170,0.02807
39,362,2.7163,0.02793
40,351,2.7146,0.02825
41,377,2.7149,0.02799
42,368,2.7094,0.02852
43,357,2.7116,0.02817
44,366,2.7081,0.02843
45,361,2.7063,0.02815
46,360,2.7040,0.02840
47,344,2.7027,0.02848
48,351,2.7014,0.02862
49,319,2.6977,0.02872
50,337,2.6950,0.02864
51,337,2.6920,0.02878
52,323,2.6873,0.02884
53,317,2.6847,0.02893
54,315,2.6807,0.02893
55,299,2.6788,0.02897
56,320,2.6795,0.02906
57,319,2.6778,0.02916
58,323,2.6742,0.02915
59,316,2.6792,0.02893
60,329,2.6779,0.02868
61,318,2.6813,0.02829
62,327,2.6809,0.02804
63,326,2.6830,0.02760
64,325,2.6874,0.02722
65,307,2.6914,0.02674
66,321,2.6921,0.02634
67,322,2.6932,0.02621
68,333,2.6963,0.02638
69,334,2.6971,0.02643
70,328,2.6976,0.02634
71,327,2.7013,0.02635
72,324,2.7019,0.02646
73,331,2.7076,0.02640
74,337,2.7082,0.02620
75,332,2.7110,0.02641
76,344,2.7141,0.02650
77,317,2.7169,0.02641
78,312,2.7160,0.02645
79,333,2.7187,0.02654
80,335,2.7225,0.02639
81,349,2.7258,0.02655
82,339,2.7273,0.02653
83,336,2.7302,0.02647
84,343,2.7359,0.02657
85,366,2.7407,0.02650
86,342,2.7430,0.02663
87,347,2.7468,0.02653
88,359,2.7454,0.02662
89,367,2.7473,0.02660
90,345,2.7474,0.02673
91,349,2.7433,0.02666
92,356,2.7433,0.02678
93,370,2.7439,0.02679
94,352,2.7455,0.02682
95,370,2.7412,0.02702
96,378,2.7324,0.02718
97,351,2.7295,0.02731
98,352,2.7269,0.02750
99,349,2.7191,0.02785
100,345,2.7128,0.02818
101,332,2.7089,0.02844
102,324,2.7059,0.02876
103,338,2.7049,0.02899
104,342,2.7024,0.02923
105,334,2.6973,0.02939
106,321,2.6917,0.02940
107,321,2.6857,0.02937
108,329,2.6875,0.02935
109,325,2.6873,0.02930
110,328,2.6871,0.02923
111,322,2.6824,0.02916
112,303,2.6831,0.02923
113,296,2.6753,0.02925
114,308,2.6692,0.02921
115,307,2.6682,0.02906
116,315,2.6724,0.02906
117,301,2.6740,0.02914
118,290,2.6748,0.02899
119,293,2.6745,0.02900
120,296,2.6758,0.02888
121,289,2.6709,0.02896
122,271,2.6674,0.02880
123,280,2.6682,0.02882
124,277,2.6703,0.02866
125,291,2.6678,0.02869
126,275,2.6714,0.02856
127,287,2.6707,0.02845
128,280,2.6721,0.02846
129,283,2.6777,0.02823
130,271,2.6784,0.02824
131,285,2.6783,0.02816
132,282,2.6804,0.02798
133,282,2.6826,0.02796
134,278,2.6818,0.02788
135,273,2.6840,0.02774
136,270,2.6829,0.02764
137,257,2.6803,0.02750
138,253,2.6800,0.02772
139,283,2.6800,0.02735
140,275,2.6777,0.02699
141,290,2.6751,0.02663
142,279,2.6749,0.02626
143,260,2.6702,0.02600
144,246,2.6650,0.02563
145,265,2.6609,0.02543
146,256,2.6584,0.02506
147,266,2.6585,0.02481
148,262,2.6572,0.02448
149,273,2.6530,0.02417
150,270,2.6461,0.02411
151,262,2.6358,0.02377
152,259,2.6312,0.02351
153,228,2.6218,0.02320
154,232,2.6128,0.02295
155,228,2.6032,0.02283
156,223,2.5966,0.02266
157,205,2.5896,0.02245
158,208,2.5788,0.02222
159,203,2.5742,0.01881
160,214,2.5587,0.01892
161,197,2.5560,0.01912
162,199,2.5505,0.01928
163,193,2.5537,0.01937
164,212,2.5552,0.01939
165,201,2.5582,0.01940
166,202,2.5614,0.01952
167,218,2.5682,0.01961
168,214,2.5713,0.01967
169,216,2.5765,0.01980
170,212,2.5773,0.01991
171,241,2.5798,0.02013
172,221,2.5846,0.02034
173,230,2.5844,0.02036
174,225,2.5891,0.02061
175,223,2.5877,0.02088
176,217,2.5887,0.02119
177,229,2.5909,0.02127
178,224,2.5903,0.02137
179,224,2.5901,0.02160
180,225,2.5932,0.02180
181,229,2.5925,0.02194
182,225,2.5963,0.02217
183,243,2.5984,0.02234
184,221,2.5985,0.02248
185,230,2.5958,0.02285
186,226,2.5966,0.02303
187,214,2.5943,0.02327
188,210,2.5913,0.02347
189,210,2.5900,0.02378
190,209,2.5884,0.02399
191,203,2.5865,0.02415
192,197,2.5840,0.02438
193,192,2.5823,0.02466
194,179,2.5793,0.02504
195,179,2.5754,0.02535
196,173,2.5816,0.02557
197,179,2.5801,0.02588
198,176,2.5835,0.02616
199,175,2.5798,0.02654
200,181,2.5771,0.02688
201,171,2.5702,0.02733
202,180,2.5640,0.02774
203,166,2.5529,0.02816
204,176,2.5504,0.02855
205,187,2.5436,0.02902
206,165,2.5382,0.02945
207,181,2.5292,0.02993
208,187,2.5198,0.03077
209,170,2.5153,0.03166
210,186,2.5014,0.02750
211,169,2.4969,0.01988
212,178,2.4959,0.00999
213,180,2.4904,0.00141
214,168,2.4797,0.00000
215,172,2.4701,0.00000
216,166,2.4589,0.00000
217,160,2.4508,0.00000
218,166,2.4395,0.00000
219,164,2.4315,0.00000
220,143,2.4228,0.00000
221,148,2.4098,0.00000
222,158,2.4031,0.00000
223,163,2.3918,0.00000
224,157,2.3869,0.00000
225,146,2.3730,0.00000
226,137,2.3668,0.00000
227,134,2.3579,0.00000
228,150,2.3447,0.00000
229,134,2.3373,0.00000
230,132,2.3289,0.00000
231,135,2.3174,0.00000
232,136,2.3070,0.00000
233,130,2.2950,0.00000
234,114,2.2885,0.00000
235,118,2.2806,0.00000
236,113,2.2760,0.00000
237,120,2.2685,0.00000
238,113,2.2641,0.00000
239,108,2.2643,0.00000
240,102,2.2576,0.00000
241,94,2.2535,0.00000
242,104,2.2496,0.00000
243,106,2.2453,0.00000
244,102,2.2419,0.00000
245,95,2.2387,0.00000
246,94,2.2344,0.00000
247,91,2.2327,0.00000
248,100,2.2278,0.00000
249,93,2.2242,0.00000
250,94,2.2221,0.00000
251,101,2.2237,0.00000
252,96,2.2182,0.00000
253,102,2.2170,0.00000
254,97,2.2132,0.00000
255,95,2.2121,0.00000
256,92,2.2095,0.00000
257,98,2.2061,0.00000
258,103,2.2029,0.00000
259,107,2.2013,0.00000
260,107,2.2021,0.00000
261,100,2.1983,0.00000
262,98,2.1944,0.00000
263,93,2.1915,0.00000
264,105,2.1907,0.00000
265,97,2.1916,0.00000
266,99,2.1890,0.00000
267,99,2.1892,0.00000
268,100,2.1947,0.00000
269,90,2.1964,0.00000
270,103,2.2003,0.00000
271,100,2.2033,0.00000
272,94,2.2110,0.00000
273,101,2.2195,0.00000
274,100,2.2274,0.00000
275,92,2.2388,0.00000
276,97,2.2451,0.00000
277,101,2.2582,0.00000
278,117,2.2706,0.00000
279,112,2.2783,0.00000
280,107,2.2910,0.00000
281,129,2.3060,0.00000
282,120,2.3226,0.00000
283,133,2.3356,0.00000
284,139,2.3522,0.00000
285,143,2.3665,0.00000
286,155,2.3784,0.00000
287,137,2.4006,0.00000
288,150,2.4155,0.00000
289,167,2.4274,0.00000
290,143,2.4238,0.00000
291,163,2.4276,0.00000
292,156,2.4331,0.00000
293,172,2.4458,0.00000
294,170,2.4548,0.00000
295,193,2.4633,0.00000
296,204,2.4701,0.00000
297,198,2.4724,0.00000
298,213,2.4764,0.00000
299,218,2.4852,0.00000
300,216,2.4820,0.00000
301,212,2.4845,0.00000
302,223,2.4876,0.00000
303,217,2.4880,0.00000
304,217,2.4994,0.00000
305,214,2.4985,0.00000
306,219,2.5002,0.00000
307,235,2.5026,0.00000
308,233,2.4965,0.00000
309,237,2.4997,0.00000
310,221,2.4920,0.00000
311,224,2.4915,0.00000
312,226,2.5095,0.00000
313,217,2.5273,0.00000
314,234,2.5406,0.00000
315,252,2.5491,0.00000
316,249,2.5637,0.00000
317,276,2.5812,0.00000
318,273,2.5883,0.00000
319,288,2.5945,0.00000
320,293,2.6035,0.00000
321,315,2.6114,0.00000
322,296,2.6154,0.00000
323,295,2.6256,0.00000
324,280,2.6216,0.00000
325,293,2.6198,0.00000
326,283,2.6120,0.00000
327,290,2.6187,0.00000
328,302,2.6302,0.00000
329,311,2.6422,0.00000
330,293,2.6505,0.00000
331,302,2.6574,0.00000
332,308,2.6680,0.00000
333,309,2.6757,0.00000
334,297,2.6782,0.00000
335,302,2.6811,0.00000
336,292,2.6970,0.00000
337,302,2.7072,0.00000
338,319,2.7211,0.00000
339,330,2.7337,0.00000
340,312,2.7403,0.00163
341,323,2.7493,0.00541
342,317,2.7477,0.01100
343,316,2.7498,0.01708
344,309,2.7476,0.02366
345,302,2.7444,0.03014
346,311,2.7417,0.03639
347,298,2.7436,0.04250
348,294,2.7410,0.04831
349,281,2.7381,0.05104
350,280,2.7284,0.05272
351,271,2.7153,0.05452
352,278,2.7151,0.05521
353,255,2.7065,0.05442
354,257,2.7000,0.05369
355,256,2.6936,0.05309
356,266,2.6854,0.05249
357,260,2.6752,0.05197
358,251,2.6654,0.05149
359,254,2.6603,0.05110
360,248,2.6487,0.05070
361,242,2.6418,0.05040
362,256,2.6346,0.05008
363,257,2.6318,0.04978
364,243,2.6329,0.04948
365,265,2.6264,0.04924
366,247,2.6307,0.04895
367,282,2.6332,0.04858
368,280,2.6303,0.04847
369,273,2.6317,0.04824
370,281,2.6286,0.04797
371,291,2.6280,0.04780
372,283,2.6267,0.04765
373,277,2.6261,0.04754
374,280,2.6217,0.04730
375,286,2.6258,0.04710
376,284,2.6261,0.04697
377,272,2.6224,0.04681
378,291,2.6192,0.04657
379,296,2.6151,0.04652
380,305,2.6104,0.04641
381,293,2.6178,0.04628
382,304,2.6243,0.04622
383,290,2.6355,0.04624
384,298,2.6463,0.04613
385,297,2.6553,0.04626
386,306,2.6698,0.04621
387,332,2.6839,0.04614
388,349,2.7033,0.04596
389,335,2.7138,0.04605
390,345,2.7199,0.04598
391,339,2.7272,0.04604
392,328,2.7201,0.04598
393,337,2.7099,0.04606
394,338,2.7035,0.04597
395,322,2.6922,0.04579
396,318,2.6835,0.04577
397,323,2.6761,0.04578
398,321,2.6625,0.04627
399,315,2.6601,0.04659
400,330,2.6485,0.04700
401,319,2.6364,0.04719
402,316,2.6236,0.04729
403,315,2.6170,0.04802
404,317,2.6104,0.04933
405,299,2.5962,0.05068
406,301,2.5901,0.05211
407,295,2.5833,0.05427
408,318,2.5819,0.05750
409,313,2.5780,0.06109
410,286,2.5700,0.06497
411,289,2.5640,0.06907
412,297,2.5554,0.06869
413,294,2.5535,0.06129
414,278,2.5489,0.04742
415,299,2.5514,0.03290
416,293,2.5487,0.01802
417,296,2.5502,0.00459
418,301,2.5433,0.00000
419,299,2.5412,0.00000
420,299,2.5318,0.00000
421,284,2.5298,0.00000
422,302,2.5222,0.00000
423,288,2.5185,0.00000
424,294,2.5136,0.00000
425,291,2.5027,0.00000
426,285,2.4962,0.00000
427,287,2.4929,0.00000
428,279,2.4872,0.00000
429,288,2.4833,0.00000
430,286,2.4795,0.00000
431,293,2.4700,0.00000
432,276,2.4605,0.00000
433,270,2.4555,0.00000
434,278,2.4519,0.00000
435,274,2.4447,0.00000
436,276,2.4425,0.00000
437,273,2.4337,0.00000
438,271,2.4274,0.00000
439,277,2.4193,0.00000
440,270,2.4152,0.00000
441,270,2.4137,0.00000
442,281,2.4026,0.00000
443,277,2.4008,0.00000
444,264,2.3916,0.00000
445,258,2.3869,0.00000
446,269,2.3805,0.00000
447,269,2.3762,0.00000
448,266,2.3693,0.00000
449,257,2.3594,0.00000
