scene,beta,frame,nfast,hgrad,mean
1,0.0,0,413,2.8056032292014232,159.55696614583334
1,0.0,30,421,2.806981907179116,159.03580729166666
1,0.0,60,390,2.820734421135266,159.21673502604168
1,0.0,90,404,2.8679210148685135,161.23900065104166
1,0.0,120,341,2.810206080112793,165.59702473958333
1,0.0,150,281,2.768778733344269,170.4590625
1,0.0,180,268,2.70616779030569,171.7130078125
1,0.0,210,201,2.6336454514849637,170.48233723958333
1,0.0,240,124,2.3552768590805258,170.84865559895835
1,0.0,270,118,2.2941859672152813,171.449931640625
1,0.0,300,261,2.5915895139287635,172.79340169270833
1,0.0,330,326,2.7563108332514314,167.208212890625
1,0.0,360,350,2.8476221695980337,165.12382161458333
1,0.0,390,374,2.8009475635737875,165.76279296875
1,0.0,420,335,2.6341268012182635,166.069921875
1,0.4,0,202,2.338486919064015,160.013115234375
1,0.4,30,218,2.340627625890264,159.50762044270834
1,0.4,60,210,2.352865621450273,159.70634765625
1,0.4,90,200,2.387489590726571,161.79868489583333
1,0.4,120,153,2.3322051103832866,166.22549153645832
1,0.4,150,145,2.2797333278578504,170.93798828125
1,0.4,180,140,2.204279948010587,172.17363606770834
1,0.4,210,107,2.1432164738937405,170.74837239583334
1,0.4,240,56,1.9055643751086546,170.96671549479166
1,0.4,270,55,1.8461809014739399,171.59340494791667
1,0.4,300,136,2.093377925029744,173.24337565104167
1,0.4,330,154,2.2702513481514357,167.86037434895835
1,0.4,360,184,2.3519267031319817,165.70846354166667
1,0.4,390,206,2.3096946934181823,166.33030598958334
1,0.4,420,180,2.1655432960111627,166.63551432291666
1,0.6,0,98,2.029112278266112,160.156943359375
1,0.6,30,112,2.0297468600306185,159.65396158854168
1,0.6,60,105,2.0384597166386897,159.85783203125
1,0.6,90,105,2.06107614472692,161.96487630208333
1,0.6,120,88,2.0017258958589106,166.43570638020833
1,0.6,150,92,1.937460756819433,171.08346354166667
1,0.6,180,85,1.8562030485680316,172.32084309895833
1,0.6,210,56,1.8043253191988158,170.82027018229167
1,0.6,240,32,1.6003106462660885,170.97821940104166
1,0.6,270,38,1.544521022098696,171.617294921875
1,0.6,300,72,1.7571556965939987,173.38301432291667
1,0.6,330,96,1.9346564745672956,168.08837239583335
1,0.6,360,80,2.0004743391724498,165.91114583333334
1,0.6,390,95,1.9624612257234713,166.51443684895833
1,0.6,420,88,1.8415680147680988,166.81674153645832
1,0.75,0,36,1.7333207966738033,160.23285807291666
1,0.75,30,52,1.7313347375608936,159.73125651041667
1,0.75,60,37,1.7304939645715063,159.93478515625
1,0.75,90,37,1.7381861710784863,162.047919921875
1,0.75,120,37,1.6789096129661873,166.555732421875
1,0.75,150,37,1.6099145079907204,171.15887369791668
1,0.75,180,36,1.5318980467171532,172.40391927083334
1,0.75,210,23,1.4846781980531778,170.85201171875
1,0.75,240,20,1.3128634781632682,170.96859700520832
1,0.75,270,18,1.262916627051509,171.616650390625
1,0.75,300,34,1.4433953842783394,173.45801106770833
1,0.75,330,34,1.6135599756829284,168.22306966145834
1,0.75,360,26,1.6526434866729853,166.02862630208332
1,0.75,390,22,1.6202785306875218,166.61629557291667
1,0.75,420,28,1.5321069835112058,166.91558268229167
1,0.85,0,26,1.4919064474695172,160.26884440104166
1,0.85,30,39,1.4838601518680037,159.76763346354167
1,0.85,60,26,1.4763771945111954,159.969833984375
1,0.85,90,20,1.4725427875368133,162.08449544270835
1,0.85,120,24,1.421421695750344,166.620869140625
1,0.85,150,25,1.3638642491570105,171.19496419270834
1,0.85,180,15,1.2992885358055897,172.44560872395834
1,0.85,210,20,1.2481883809802654,170.86322916666666
1,0.85,240,14,1.0978238488474599,170.9521875
1,0.85,270,14,1.052582774634466,171.60835611979167
1,0.85,300,18,1.2043447625287027,173.49609700520833
1,0.85,330,23,1.3598574102089291,168.29850260416666
1,0.85,360,16,1.3716757012520853,166.09151041666667
1,0.85,390,12,1.3393289315173,166.66552734375
1,0.85,420,18,1.287886069542507,166.96431966145835
1,0.92,0,26,1.2958942755856526,160.28581705729167
1,0.92,30,41,1.292441786547331,159.785244140625
1,0.92,60,26,1.2763027327377947,159.98540690104167
1,0.92,90,21,1.261774690806583,162.10016276041668
1,0.92,120,20,1.2371115229244933,166.6582421875
1,0.92,150,23,1.2015508842233706,171.212333984375
1,0.92,180,15,1.1466225012852844,172.46990885416668
1,0.92,210,18,1.0941307697857785,170.865224609375
1,0.92,240,12,0.9638045734516708,170.939599609375
1,0.92,270,13,0.9220123923009,171.599755859375
1,0.92,300,17,1.0445189898582252,173.51447916666666
1,0.92,330,22,1.17544916540606,168.342841796875
1,0.92,360,17,1.157604962957289,166.12892578125
1,0.92,390,12,1.117204032827097,166.69332356770835
1,0.92,420,19,1.096042917435001,166.99131510416666
1,1.0,0,27,1.133510732612162,160.29953125
1,1.0,30,46,1.1282835180788011,159.79643880208334
1,1.0,60,28,1.112073039924136,159.99874674479167
1,1.0,90,20,1.0872445943983071,162.10943684895832
1,1.0,120,22,1.1016339552220333,166.695458984375
1,1.0,150,25,1.0827021120701923,171.22619140625
1,1.0,180,16,1.046668499852871,172.49156575520834
1,1.0,210,18,0.999036853356193,170.86433268229166
1,1.0,240,12,0.8871587428304307,170.919462890625
1,1.0,270,12,0.845695696489267,171.585234375
1,1.0,300,19,0.931595074205753,173.53147786458334
1,1.0,330,24,1.0274452262900649,168.38690755208333
1,1.0,360,19,0.9780529686667412,166.16363606770832
1,1.0,390,13,0.9261539701431554,166.715205078125
1,1.0,420,17,0.9219491493417168,167.01331380208333
2,0.0,0,543,2.698186229539069,165.441787109375
2,0.0,30,497,2.836287492352164,166.71009765625
2,0.0,60,545,3.0227236840898497,169.043681640625
2,0.0,90,579,3.126145762720277,173.96206380208332
2,0.0,120,681,3.1219943760268847,175.14640299479166
2,0.0,150,714,3.057223808646361,173.71787434895833
2,0.0,180,724,2.860232519562389,169.26412760416667
2,0.0,210,697,2.930768580744439,166.60826822916667
2,0.0,240,675,2.7964298294297327,166.40290364583333
2,0.0,270,543,2.7840636474414944,166.19896158854166
2,0.0,300,505,2.8780807471484406,172.60873697916668
2,0.0,330,289,2.833258195165725,178.10861002604167
2,0.0,360,284,2.8961331891260453,178.477158203125
2,0.0,390,214,2.8290530952656994,176.6373828125
2,0.0,420,355,2.4184750647182476,174.65756510416668
2,0.4,0,243,2.3477769775352773,165.72516276041668
2,0.4,30,241,2.462616456431666,167.11622721354166
2,0.4,60,294,2.611075342532265,169.42941080729167
2,0.4,90,301,2.6915377128161486,174.46736979166667
2,0.4,120,324,2.6749783768285256,175.75082356770832
2,0.4,150,332,2.630393153624141,174.15227864583332
2,0.4,180,334,2.4788136958278653,169.65976888020833
2,0.4,210,316,2.5188505906230625,167.05702473958334
2,0.4,240,287,2.3918592077817413,166.87649088541667
2,0.4,270,257,2.368749284468495,166.83671875
2,0.4,300,244,2.4184812555482402,173.0565625
2,0.4,330,119,2.3425228127380637,178.47837565104166
2,0.4,360,93,2.4089273328891716,178.72780598958335
2,0.4,390,96,2.382355126462584,176.85232747395833
2,0.4,420,169,2.0860392753363253,174.83274088541665
2,0.6,0,130,2.1074803410391545,165.81396484375
2,0.6,30,119,2.2033753235067666,167.25670572916667
2,0.6,60,143,2.3242821480567857,169.553427734375
2,0.6,90,152,2.3822495804474593,174.63753580729167
2,0.6,120,153,2.359613396759136,175.9596875
2,0.6,150,149,2.332744216196586,174.26542643229166
2,0.6,180,150,2.216787023192069,169.75349609375
2,0.6,210,112,2.233885799535599,167.16967122395835
2,0.6,240,92,2.1123238815265255,166.9901171875
2,0.6,270,65,2.0883318977337986,167.01382161458332
2,0.6,300,81,2.105580908081818,173.10719401041666
2,0.6,330,51,1.9897419297398968,178.574453125
2,0.6,360,51,2.0530685568797784,178.79783854166666
2,0.6,390,70,2.0593374355652556,176.91047200520833
2,0.6,420,84,1.8630123341527418,174.84971028645833
2,0.75,0,81,1.845643972592159,165.86166666666668
2,0.75,30,71,1.922429823417422,167.34369140625
2,0.75,60,74,2.017220264511249,169.62013020833334
2,0.75,90,83,2.053163263070505,174.733310546875
2,0.75,120,81,2.0291513606554616,176.08054361979165
2,0.75,150,60,2.0212489242135967,174.31264322916667
2,0.75,180,53,1.937113412965563,169.78527669270832
2,0.75,210,41,1.9274844986029005,167.21215169270835
2,0.75,240,21,1.8173503159557722,167.02901692708335
2,0.75,270,13,1.7852712205976267,167.09374674479167
2,0.75,300,21,1.7742713423286658,173.077666015625
2,0.75,330,24,1.6246645540475197,178.61055338541667
2,0.75,360,26,1.679639126261575,178.82609375
2,0.75,390,51,1.7279459201842724,176.93487630208332
2,0.75,420,44,1.6253782951962377,174.83868815104168
2,0.85,0,77,1.594495675760994,165.88475911458335
2,0.85,30,70,1.656729405397462,167.390732421875
2,0.85,60,75,1.7384109368840182,169.65168619791666
2,0.85,90,73,1.7488622553904654,174.78364583333334
2,0.85,120,77,1.7212262455042628,176.14621419270833
2,0.85,150,61,1.7275025905357517,174.325966796875
2,0.85,180,54,1.6555560568050476,169.78666015625
2,0.85,210,37,1.6218878790534756,167.22072591145835
2,0.85,240,20,1.5181147831569477,167.03330078125
2,0.85,270,13,1.4753058079870427,167.12095377604166
2,0.85,300,18,1.4603286415876746,173.027021484375
2,0.85,330,19,1.3178263803248464,178.61764973958333
2,0.85,360,29,1.3636149339690227,178.834892578125
2,0.85,390,49,1.4423892362553639,176.943818359375
2,0.85,420,36,1.4044350133941546,174.82104817708333
2,0.92,0,77,1.3649319933981232,165.89641276041667
2,0.92,30,69,1.4183918168997416,167.41866536458335
2,0.92,60,74,1.4915487166475214,169.67002278645833
2,0.92,90,69,1.4841672093086458,174.81234700520832
2,0.92,120,75,1.4409095249715769,176.18477864583335
2,0.92,150,60,1.4379881078029983,174.32591471354166
2,0.92,180,51,1.3610679272563582,169.78135416666666
2,0.92,210,35,1.3049048149263938,167.21675455729167
2,0.92,240,20,1.2005230664091422,167.02659505208334
2,0.92,270,18,1.1487882755920105,167.12829752604168
2,0.92,300,21,1.148655507336768,172.97525065104168
2,0.92,330,20,1.0784286168310664,178.616298828125
2,0.92,360,30,1.1349125604040535,178.83548828125
2,0.92,390,48,1.2267003893443063,176.94499674479167
2,0.92,420,33,1.2135874083733953,174.80405924479166
2,1.0,0,82,1.17492095853432,165.906064453125
2,1.0,30,64,1.2248789251024388,167.44819010416666
2,1.0,60,76,1.2920991384493676,169.68514973958332
2,1.0,90,74,1.2648591634777986,174.83831705729168
2,1.0,120,75,1.1976755645599175,176.22105794270834
2,1.0,150,60,1.1803351678658474,174.31959309895834
2,1.0,180,50,1.0853692735150617,169.765
2,1.0,210,35,1.0096386279082954,167.20512369791666
2,1.0,240,19,0.9041891616751764,167.008896484375
2,1.0,270,13,0.8402886361018154,167.12389322916667
2,1.0,300,20,0.8607476662814484,172.90208984375
2,1.0,330,17,0.9151005557420762,178.60550130208333
2,1.0,360,30,0.9859669826208691,178.83137369791666
2,1.0,390,44,1.0806356816705542,176.941943359375
2,1.0,420,31,1.0614836526024534,174.780703125
