sensor,tex,dyn,filter,dATE,p,n_fail_f,n_fail_none,p_holm,sig
rgbd,0,0,flow,0.002965983730882398,0.3447042220069576,0,0,1.0,False
rgbd,0,0,geom,0.0032738182390474983,0.6231762238821174,0,0,1.0,False
rgbd,0,1,flow,-0.00095553433126035,0.8501067391385259,0,0,1.0,False
rgbd,0,1,geom,0.0011932740317448995,0.47267559351158717,0,0,1.0,False
rgbd,0,2,flow,-0.25389394160509676,0.27303633975118835,0,0,1.0,False
rgbd,0,2,geom,-0.5206035824428475,0.00043963875262656454,0,0,0.016706272599809453,True
rgbd,1,0,flow,-0.001867073872285201,0.7913367801006604,0,0,1.0,False
rgbd,1,0,geom,0.001364008638162599,0.27303633975118835,0,0,1.0,False
rgbd,1,1,flow,-0.156927072413519,0.5707503880581739,0,0,1.0,False
rgbd,1,1,geom,-0.19580045019816097,0.08897301170181328,0,0,1.0,False
rgbd,1,2,flow,-0.21717948617189353,0.7913367801006604,0,0,1.0,False
rgbd,1,2,geom,-0.5926246079352943,0.04515456962427901,0,0,1.0,False
rgbd,2,0,flow,0.003739258103832299,0.7913367801006604,0,0,1.0,False
rgbd,2,0,geom,0.014967987698710494,0.18587673236587576,0,0,1.0,False
rgbd,2,1,flow,0.08877126285404868,0.7337299956962472,0,0,1.0,False
rgbd,2,1,geom,-0.5821886586370149,0.031209012771740218,0,0,1.0,False
rgbd,2,2,flow,0.02610216356806816,0.280963480963481,3,2,1.0,False
rgbd,2,2,geom,-0.40510809103710615,0.00404040404040404,6,2,0.1494949494949495,False
rgbd,3,0,flow,,,10,10,,False
rgbd,3,0,geom,,,10,10,,False
rgbd,3,1,flow,0.08884374171580289,0.15079365079365079,5,5,1.0,False
rgbd,3,1,geom,,,9,5,,False
rgbd,3,2,flow,,,10,9,,False
rgbd,3,2,geom,,,10,9,,False
stereo,0,0,flow,-0.0005410933825685006,0.47267559351158717,0,0,1.0,False
stereo,0,0,geom,0.00039600172924950106,0.5707503880581739,0,0,1.0,False
stereo,0,1,flow,-0.0003571466388177999,0.9698499769931556,0,0,1.0,False
stereo,0,1,geom,-6.968813030800054e-05,0.9097218891455553,0,0,1.0,False
stereo,0,2,flow,-0.1871816576722109,0.3447042220069576,0,0,1.0,False
stereo,0,2,geom,-0.01847013670771369,0.6231762238821174,0,0,1.0,False
stereo,1,0,flow,0.0006156800475709987,0.7913367801006604,0,0,1.0,False
stereo,1,0,geom,0.00101113316228535,0.18587673236587576,0,0,1.0,False
stereo,1,1,flow,-0.004419913237961901,0.27303633975118835,0,0,1.0,False
stereo,1,1,geom,0.04930195648092405,0.06402210128302689,0,0,1.0,False
stereo,1,2,flow,0.20270568113219012,1.0,0,0,1.0,False
stereo,1,2,geom,0.3406296164063919,0.3447042220069576,0,0,1.0,False
stereo,2,0,flow,0.00339944099619585,0.21229383619233155,0,0,1.0,False
stereo,2,0,geom,0.0016051312010023997,0.3846730627355087,0,0,1.0,False
stereo,2,1,flow,0.004497212194203959,0.7337299956962472,0,0,1.0,False
stereo,2,1,geom,-0.006465156288536944,0.7913367801006604,0,0,1.0,False
stereo,2,2,flow,-0.5882196819290193,0.5402913746074198,1,0,1.0,False
stereo,2,2,geom,-0.4330137840468462,0.2295351707116413,3,0,1.0,False
stereo,3,0,flow,,,10,10,,False
stereo,3,0,geom,,,10,10,,False
stereo,3,1,flow,0.23175420023451732,0.4273553138978077,0,0,1.0,False
stereo,3,1,geom,,,10,0,,False
stereo,3,2,flow,,,8,6,,False
stereo,3,2,geom,,,10,6,,False
