scene,sensor,tex,dyn,filter,n_fast,dATE,dC,FRR,R,P,dns,fail_f,fail_none
1,rgbd,0,0,flow,267.4377777777778,0.00026798885085480006,0.0,0.0024096278709929,,0.0,6.85333333333341,0,0
1,rgbd,0,0,geom,267.4377777777778,-0.0002671045388261007,0.0,0.0479631509648932,,0.0,-5.815555555555534,0,0
1,rgbd,0,1,flow,257.56,-0.0006155525321994999,0.0,0.0065554020889755,0.1661305147058823,0.6089275687815834,-2.351111111111095,0,0
1,rgbd,0,1,geom,257.56,-0.0007934822535390004,0.0,0.0506977499300014,0.5333384426732066,0.3992192945768855,-2.4599999999999795,0,0
1,rgbd,0,2,flow,224.86444444444444,-0.28190928356623157,0.0,0.0209297996259053,0.1444674488152749,0.6966989770849153,3.262222222222249,0,0
1,rgbd,0,2,geom,224.86444444444444,-1.0474573133865328,0.0,0.0492995824973924,0.5501177678998354,0.7870887885052191,14.575555555555638,0,0
1,rgbd,1,0,flow,132.56666666666666,0.001617035864020901,0.0,0.0032474191563546,,0.0,7.582222222222242,0,0
1,rgbd,1,0,geom,132.56666666666666,0.0009611145131081002,0.0,0.0632728499218319,,0.0,-15.793333333333294,0,0
1,rgbd,1,1,flow,128.06666666666666,-0.23479355831753718,0.0,0.0098403439130337,0.1270677091644061,0.5469387755102041,7.802222222222213,0,0
1,rgbd,1,1,geom,128.06666666666666,-0.5877950849891678,0.0,0.0628823488318713,0.5332286064220672,0.443239302834169,-5.919999999999959,0,0
1,rgbd,1,2,flow,114.14888888888888,-0.05637306963590616,0.0,0.0343922771625158,0.1113291884568143,0.6391038696537679,-1.5755555555555247,0,0
1,rgbd,1,2,geom,114.14888888888888,-0.6204950695030265,0.0,0.0536093620589876,0.581378847201632,0.8569454171919503,24.886666666666684,0,0
1,rgbd,2,0,flow,34.397777777777776,-0.0019192580486553992,0.0,0.0038437023158789,,0.0,4.2777777777777715,0,0
1,rgbd,2,0,geom,34.397777777777776,0.0002442617918873985,0.0,0.0371493506911582,,0.0,-6.7333333333333485,0,0
1,rgbd,2,1,flow,34.24666666666667,-0.02260758524839601,0.0,0.0155869917757442,0.0525952335067771,0.438981204031599,-2.6400000000000006,0,0
1,rgbd,2,1,geom,34.24666666666667,-1.337327589221891,-0.12222222222222223,0.0428861545812925,0.4934597461031657,0.7272664487315254,40.44395061728396,0,0
1,rgbd,2,2,flow,33.373333333333335,0.403966727642564,0.0,0.0643924875431199,0.0694444444444444,0.5592732505846375,1.8955555555555605,2,2
1,rgbd,2,2,geom,33.373333333333335,,-0.6266666666666667,0.052112075249599,0.1624813975625779,0.8139074605971374,24.895555555555553,5,2
1,rgbd,3,0,flow,17.384444444444444,,0.0,0.0097609751452242,,0.0,0.0,5,5
1,rgbd,3,0,geom,17.384444444444444,,0.0,,,,0.0,5,5
1,rgbd,3,1,flow,17.695555555555554,,-0.011111111111111072,0.0522308588035072,0.0220697928361606,0.2148846960167715,2.9732854864433733,5,5
1,rgbd,3,1,geom,17.695555555555554,,-0.31777777777777777,0.0373816893418394,0.0400793589763307,0.4096196164728073,38.223285486443366,5,5
1,rgbd,3,2,flow,18.657777777777778,,0.0,0.1777910186412442,0.0510241160417655,0.4831811797752809,-4.8007117437722435,5,4
1,rgbd,3,2,geom,18.657777777777778,,-0.5755555555555557,0.0359466024103334,0.030321232662061152,0.7344317449415985,49.06033646069233,5,4
1,stereo,0,0,flow,267.4377777777778,0.0006518335816132013,0.0,0.002389544523554,,0.0,-8.846666666666636,0,0
1,stereo,0,0,geom,267.4377777777778,0.0014260725271762007,0.0,0.2195209009987695,,0.0,-108.21999999999997,0,0
1,stereo,0,1,flow,257.56,-0.00024254915870770138,0.0,0.0068919268688675,0.1709725571248134,0.5959844559585492,-1.1755555555556043,0,0
1,stereo,0,1,geom,257.56,0.0007519056673181996,0.0,0.2060399873892441,0.154228855721393,0.0433671240059424,-85.30000000000001,0,0
1,stereo,0,2,flow,224.86444444444444,-0.17635284772456772,0.0,0.0205564452744109,0.1480868464609093,0.706306990881459,0.11111111111108585,0,0
1,stereo,0,2,geom,224.86444444444444,0.011447744001684246,0.0,0.1868320199038493,0.1811008297800817,0.2466388334240939,-52.52222222222221,0,0
1,stereo,1,0,flow,132.56666666666666,-0.0003593946781489006,0.0,0.003156184412323,,0.0,-2.5377777777777624,0,0
1,stereo,1,0,geom,132.56666666666666,0.0005221868064764993,0.0,0.3381829120717591,,0.0,-161.51111111111112,0,0
1,stereo,1,1,flow,128.06666666666666,-0.0641212388788745,0.0,0.0097199525977671,0.126435254093132,0.5486347187191578,5.920000000000016,0,0
1,stereo,1,1,geom,128.06666666666666,0.0893658512419197,0.0,0.3266539916364761,0.2391593508911944,0.064256052148182,-109.64444444444445,0,0
1,stereo,1,2,flow,114.14888888888888,0.23048110671965494,0.0,0.0358049885835651,0.1113617069802212,0.6297649756377185,4.335555555555544,0,0
1,stereo,1,2,geom,114.14888888888888,0.4769768216309541,0.0,0.2773410420652746,0.2599119779628281,0.3373007072275202,-55.04000000000002,0,0
1,stereo,2,0,flow,34.397777777777776,0.0002916127033803992,0.0,0.0037117397854723,,0.0,-2.784444444444432,0,0
1,stereo,2,0,geom,34.397777777777776,0.0024993231032266004,0.0,0.5220240988678103,,0.0,-191.62666666666667,0,0
1,stereo,2,1,flow,34.24666666666667,-0.08319825107781065,0.0,0.0159123157559435,0.0513747028971542,0.4211142322097378,-1.6177777777777749,0,0
1,stereo,2,1,geom,34.24666666666667,0.05175338788821238,0.0,0.4663759093705888,0.3010776865875399,0.1266912669126691,-124.65777777777777,0,0
1,stereo,2,2,flow,33.373333333333335,0.07582826945871313,0.0,0.0645392904187091,0.0669892156074373,0.5604617816831501,-2.0560651096956803,1,0
1,stereo,2,2,geom,33.373333333333335,,-0.37555555555555553,0.2847204606907123,0.1952895652834437,0.4564881350267379,-33.02402530644524,3,0
1,stereo,3,0,flow,17.384444444444444,,0.0,0.0097609751452242,,0.0,0.0,5,5
1,stereo,3,0,geom,17.384444444444444,,0.0,,,,0.0,5,5
1,stereo,3,1,flow,17.695555555555554,0.4669579682536973,-0.008888888888888946,0.0522308588035072,0.0223312468279478,0.2165548098434004,3.1989790045294058,0,0
1,stereo,3,1,geom,17.695555555555554,,-0.7444444444444445,0.0893239248783303,0.1136402085480075,0.456759596958645,-33.34255460477475,5,0
1,stereo,3,2,flow,18.657777777777778,,-0.37555555555555553,0.1806195798922364,0.0489058293968899,0.4763079091069226,-6.550272835112693,3,1
1,stereo,3,2,geom,18.657777777777778,,-0.37555555555555553,0.1725404353642223,0.2021255293428361,0.7958414274408231,6.154353499406881,5,1
2,rgbd,0,0,flow,449.00444444444446,0.005683771075954698,0.0,0.009676689427518,,0.0,-2.931111111111079,0,0
2,rgbd,0,0,geom,449.00444444444446,0.0062672579290791,0.0,0.0922477954633686,,0.0,-28.19111111111107,0,0
2,rgbd,0,1,flow,435.0577777777778,0.00036298668349810104,0.0,0.0118566323036948,0.119382078680914,0.3710660529916656,-2.771111111111111,0,0
2,rgbd,0,1,geom,435.0577777777778,0.004326537109692798,0.0,0.0968472746972863,0.5983231707317073,0.2686620030107146,-22.75111111111113,0,0
2,rgbd,0,2,flow,385.38666666666666,-0.0468048455648957,0.0,0.0310713612241049,0.2379045378319525,0.6242801047120419,10.666666666666686,0,0
2,rgbd,0,2,geom,385.38666666666666,-0.1198678087918761,0.0,0.0814255464738495,0.5698303048505782,0.6009532234001822,-6.188888888888869,0,0
2,rgbd,1,0,flow,194.9755555555556,0.0003888771762113989,0.0,0.0096365294191264,,0.0,-0.6422222222222445,0,0
2,rgbd,1,0,geom,194.9755555555556,0.0040916469542012016,0.0,0.0908824784749084,,0.0,-26.342222222222233,0,0
2,rgbd,1,1,flow,189.23111111111112,0.0004330554248862008,0.0,0.0129600456538888,0.0922070774112086,0.3534688995215311,3.6422222222221876,0,0
2,rgbd,1,1,geom,189.23111111111112,0.006819639215663802,0.0,0.0914722027045498,0.6434917958363059,0.3379846575722864,-24.5555555555556,0,0
2,rgbd,1,2,flow,169.87555555555556,0.06036856872068119,0.0,0.0358758464109892,0.1871673199917474,0.5930294020482326,14.546666666666681,0,0
2,rgbd,1,2,geom,169.87555555555556,-0.28701000126476983,0.0,0.0730773837703412,0.6026884271772547,0.6940783190066858,29.79111111111115,0,0
2,rgbd,2,0,flow,43.46666666666667,0.001623158061860596,0.0,0.0091941758133608,,0.0,-3.508888888888862,0,0
2,rgbd,2,0,geom,43.46666666666667,0.021966206568193796,0.0,0.0994416185809446,,0.0,-31.5,0,0
2,rgbd,2,1,flow,43.13555555555556,0.05587635033441529,0.0,0.0151826027318968,0.0477435383987836,0.3261901706659822,-1.2911111111111495,0,0
2,rgbd,2,1,geom,43.13555555555556,-0.095707414009296,0.0,0.0964323378861537,0.6509001909776946,0.5099061673880836,-16.77111111111111,0,0
2,rgbd,2,2,flow,42.68,0.09399519439879134,0.0,0.0520726010450709,0.1232448128254764,0.5585850680857725,3.3666666666666742,1,0
2,rgbd,2,2,geom,42.68,-0.28680346325958556,0.0,0.1392913196816662,0.540849873814883,0.6820212783894518,7.073333333333352,1,0
2,rgbd,3,0,flow,39.52444444444444,,0.0,0.0203717437656438,,0.0,0.0,5,5
2,rgbd,3,0,geom,39.52444444444444,,0.0,,,,0.0,5,5
2,rgbd,3,1,flow,39.126666666666665,0.08884374171580289,0.0,0.0492362558624283,0.03074500234099,0.2654275996112731,-5.033333333333346,0,0
2,rgbd,3,1,geom,39.126666666666665,,-0.47111111111111115,0.1296085200625325,0.2571542073975285,0.5324148870546074,6.028104575163397,4,0
2,rgbd,3,2,flow,38.95111111111111,,-0.15555555555555556,0.130972665313225,0.0796825345787581,0.5063706233988045,7.7234470955401235,5,5
2,rgbd,3,2,geom,38.95111111111111,,-0.1577777777777778,0.142132025705403,0.2087066489475715,0.7090939447907391,24.462314025711407,5,5
2,stereo,0,0,flow,449.00444444444446,-0.0005165748475244999,0.0,0.0098186892293904,,0.0,-2.326666666666654,0,0
2,stereo,0,0,geom,449.00444444444446,0.0004208045473236997,0.0,0.1337421625051584,,0.0,-53.19777777777779,0,0
2,stereo,0,1,flow,435.0577777777778,-0.00045982873429699887,0.0,0.0121205582774172,0.1188178286812702,0.3773368943151469,-4.924444444444418,0,0
2,stereo,0,1,geom,435.0577777777778,-0.0016744385843787991,0.0,0.1285434880492289,0.1855637048615286,0.0776517964714231,-45.32444444444445,0,0
2,stereo,0,2,flow,385.38666666666666,-0.001104689995672481,0.0,0.0313230683030374,0.2384922572326335,0.6228803905614321,0.5222222222221831,0,0
2,stereo,0,2,geom,385.38666666666666,0.009628114414948707,0.0,0.1291481704951946,0.1244508967122636,0.1734640477270348,-37.82222222222222,0,0
2,stereo,1,0,flow,194.9755555555556,0.00044084794034029984,0.0,0.0098710307483613,,0.0,-0.27777777777777146,0,0
2,stereo,1,0,geom,194.9755555555556,0.0010331450939103006,0.0,0.1510192863319769,,0.0,-57.21777777777777,0,0
2,stereo,1,1,flow,189.23111111111112,-0.0001709477312061003,0.0,0.0124708968447504,0.0960571150413759,0.3653985946207899,-0.7199999999999704,0,0
2,stereo,1,1,geom,189.23111111111112,0.0024963971417369998,0.0,0.1455012372676526,0.212067176760472,0.0973044538990211,-44.70444444444445,0,0
2,stereo,1,2,flow,169.87555555555556,-0.018335229220369925,0.0,0.0343391468556204,0.188244277960085,0.6011264547212704,-0.24000000000006594,0,0
2,stereo,1,2,geom,169.87555555555556,0.05987573756815759,0.0,0.1480026699527623,0.1463674000351025,0.2090526664957857,-37.3311111111112,0,0
2,stereo,2,0,flow,43.46666666666667,0.0028965869124643,0.0,0.0088441029386247,,0.0,0.6755555555555475,0,0
2,stereo,2,0,geom,43.46666666666667,0.0010771104026169997,0.0,0.2728299238333501,,0.0,-89.15333333333336,0,0
2,stereo,2,1,flow,43.13555555555556,0.014998838506880385,0.0,0.0150591907078305,0.0456306899300984,0.3193758127438231,-3.1177777777776896,0,0
2,stereo,2,1,geom,43.13555555555556,-0.10559803896113301,0.0,0.2622522120858769,0.3284823284823285,0.1620601864571313,-67.61999999999998,0,0
2,stereo,2,2,flow,42.68,-0.2467925264593428,0.0,0.052631773339883,0.1219911241998486,0.5549262798202873,-1.1999999999999886,0,0
2,stereo,2,2,geom,42.68,0.0347310843164097,0.0,0.2545380025403952,0.2013975049423955,0.2991120695764865,-36.39111111111109,0,0
2,stereo,3,0,flow,39.52444444444444,,0.0,0.0203717437656438,,0.0,0.0,5,5
2,stereo,3,0,geom,39.52444444444444,,0.0,,,,0.0,5,5
2,stereo,3,1,flow,39.126666666666665,0.09885583773074158,0.0,0.0483976029181865,0.0306031241575982,0.2664428695760288,-9.051111111111112,0,0
2,stereo,3,1,geom,39.126666666666665,,-0.3533333333333334,0.1614529051589369,0.214548188924989,0.4449234386809618,-1.212423208191126,5,0
2,stereo,3,2,flow,38.95111111111111,,0.0,0.1351755514872482,0.0786103191785813,0.4965570782420846,-15.465517241379317,5,5
2,stereo,3,2,geom,38.95111111111111,,-0.004444444444444473,0.1458945078847199,0.1842789237043348,0.6774594269685433,-8.499137931034483,5,5
