seq,scene,tex,dyn,beta,n_fast,n_fast_med,h_grad,rho,render_s
s1_L0_D1,1,0,1,0.0,257.56,279.5,2.5690819999999994,0.02032191111111111,604.3
s1_L0_D0,1,0,0,0.0,267.4377777777778,290.0,2.583509555555555,0.0,1003.6
s1_L0_D2,1,0,2,0.0,224.86444444444444,228.5,2.5118271111111112,0.09217924444444445,1011.7
s1_L1_D0,1,1,0,0.4,132.56666666666666,143.0,2.1122919999999996,0.0,1243.3
s1_L1_D1,1,1,1,0.4,128.06666666666666,138.0,2.1003375555555555,0.02032191111111111,1241.9
s1_L2_D0,1,2,0,0.7,34.397777777777776,35.0,1.5981224444444444,0.0,1248.4
s1_L1_D2,1,1,2,0.4,114.14888888888889,124.0,2.0534013333333334,0.09217924444444445,1257.2
s1_L2_D1,1,2,1,0.7,34.24666666666667,35.0,1.5899813333333332,0.02032191111111111,1212.5
s1_L2_D2,1,2,2,0.7,33.373333333333335,33.0,1.5576915555555555,0.09217924444444445,1213.0
s1_L3_D0,1,3,0,1.0,17.384444444444444,17.0,0.9740395555555557,0.0,1232.3
s1_L3_D1,1,3,1,1.0,17.695555555555554,17.0,0.9765259999999999,0.02032191111111111,1235.8
s1_L3_D2,1,3,2,1.0,18.657777777777778,18.0,0.980662,0.09217924444444445,983.9
s2_L0_D0,2,0,0,0.0,449.00444444444446,486.5,2.777398444444444,0.0,997.0
s2_L0_D1,2,0,1,0.0,435.0577777777778,465.5,2.7715251111111106,0.017054377777777775,1111.2
s2_L0_D2,2,0,2,0.0,385.38666666666666,426.5,2.7252177777777775,0.11788293333333333,1109.9
s2_L1_D0,2,1,0,0.4,194.97555555555556,212.0,2.362897333333333,0.0,1165.5
s2_L1_D1,2,1,1,0.4,189.23111111111112,208.0,2.358906666666667,0.017054377777777775,1168.5
s2_L1_D2,2,1,2,0.4,169.87555555555556,201.5,2.320743777777778,0.11788293333333333,1162.3
s2_L2_D0,2,2,0,0.7,43.46666666666667,40.0,1.8801453333333333,0.0,1160.8
s2_L2_D1,2,2,1,0.7,43.135555555555555,40.0,1.8789651111111112,0.017054377777777775,1155.1
s2_L2_D2,2,2,2,0.7,42.68,38.0,1.8533164444444443,0.11788293333333333,1152.4
s2_L3_D0,2,3,0,1.0,39.52444444444444,37.0,1.0352077777777777,0.0,1179.3
s2_L3_D1,2,3,1,1.0,39.126666666666665,37.0,1.0394706666666667,0.017054377777777775,1175.8
s2_L3_D2,2,3,2,1.0,38.95111111111111,36.0,1.0461953333333334,0.11788293333333333,791.8
