sensor,tex,dyn,filter,n,n_fail,ate,ate_q1,ate_q3,rpe,C,n_lost,ns,P,R,FRR
rgbd,0,0,none,10,0,0.012319745781912,0.0091652520327067,0.01645556876074955,0.01298192837732745,1.0,0.0,388.0866666666667,,,0.0
rgbd,0,0,flow,10,0,0.015285729512794399,0.009792785450289825,0.021668250366822524,0.0132797574876742,1.0,0.0,388.9244444444445,0.0,,0.005759285205032801
rgbd,0,0,geom,10,0,0.015593564020959499,0.008804479154933799,0.022693970437785576,0.015046540190079099,1.0,0.0,373.35333333333335,0.0,,0.06804118381668345
rgbd,0,1,none,10,0,0.01521331027012995,0.011261794506420526,0.018284375340817477,0.0135630279784595,1.0,0.0,352.16555555555556,,0.0,0.0
rgbd,0,1,flow,10,0,0.0142577759388696,0.01055108623886325,0.018718360004094926,0.01359057289439735,1.0,0.0,349.87555555555554,0.4973821254500927,0.1458259489406388,0.008950644342557
rgbd,0,1,geom,10,0,0.01640658430187485,0.010573294408020425,0.022438849403967648,0.01571034460659445,1.0,0.0,339.5677777777778,0.33090662281819266,0.5554021678097895,0.07098790261853805
rgbd,0,2,none,10,0,0.54801788194852,0.16540544470699298,1.074284482050538,0.3219986149749895,1.0,0.0,270.2922222222222,,0.0,0.0
rgbd,0,2,flow,10,0,0.2941239403434232,0.11635549698147223,0.7825821890401866,0.19899587571873345,1.0,0.0,270.76444444444445,0.6593688663360289,0.1950751591109387,0.02602566302602235
rgbd,0,2,geom,10,0,0.02741429950567245,0.024350875880459876,0.0326542976909908,0.031683729073107306,1.0,0.0,274.7788888888889,0.7075228404135131,0.5605620934985458,0.0615998588330111
rgbd,1,0,none,10,0,0.0165680411124792,0.009649738023734075,0.022544237473533325,0.01550870748157665,1.0,0.0,386.2977777777778,,,0.0
rgbd,1,0,flow,10,0,0.014700967240194,0.010862219586334675,0.02301334192344225,0.014155702138100551,1.0,0.0,393.73777777777775,0.0,,0.00638737887221225
rgbd,1,0,geom,10,0,0.0179320497506418,0.01019372126039435,0.02678291467631095,0.0170452374093768,1.0,0.0,368.7588888888889,0.0,,0.07803001355433745
rgbd,1,1,none,10,0,0.21777004661912192,0.0196563736600346,0.5701002632377443,0.11314007211809056,1.0,0.0,338.5911111111111,,0.0,0.0
rgbd,1,1,flow,10,0,0.060842974205602904,0.02009937955022985,0.3645341948317909,0.08678873153977155,1.0,0.0,340.2988888888889,0.4447139012795399,0.10832896737241125,0.010846478152793899
rgbd,1,1,geom,10,0,0.021969596420960948,0.012556314076594126,0.026033982868260124,0.0200117412408558,1.0,0.0,321.47777777777776,0.3866671049791637,0.5908859951510954,0.07762000332821675
rgbd,1,2,none,10,0,0.8069913895852063,0.356778703909392,1.2919330459784444,0.4534613097917277,1.0,0.0,223.9488888888889,,0.0,0.0
rgbd,1,2,flow,10,0,0.5898119034133128,0.41767095312718217,1.233676127123483,0.42138868357988446,1.0,0.0,233.70555555555555,0.6135737483446371,0.1486201310988706,0.035393101128378346
rgbd,1,2,geom,10,0,0.21436678164991205,0.06310289896933736,0.6221130284626832,0.15308455978814334,1.0,0.0,252.28,0.7744939042361527,0.5949476612815328,0.06365673264382929
rgbd,2,0,none,10,0,0.025717551251070753,0.020918805218758427,0.030538242947492127,0.02660070208923895,1.0,0.0,338.6,,,0.0
rgbd,2,0,flow,10,0,0.029456809354903052,0.01960606964126905,0.03219082981286942,0.026376684227920298,1.0,0.0,340.9711111111111,0.0,,0.0062008019055859
rgbd,2,0,geom,10,0,0.04068553894978125,0.021178011278218348,0.052135330024115224,0.03871637705596305,1.0,0.0,320.64777777777783,0.0,,0.06920841369174476
rgbd,2,1,none,10,0,0.6973021297177259,0.15464759434189423,1.5013606737436485,0.44677881513427886,1.0,0.0,213.46,,0.0,0.0
rgbd,2,1,flow,10,0,0.7860733925717746,0.2103228554603754,1.4748195929009258,0.5015935691782676,1.0,0.0,211.21777777777777,0.38690012898207726,0.049934921357203496,0.015473089560929451
rgbd,2,1,geom,10,0,0.11511347108071104,0.06070247042484625,0.16696203267402437,0.14824150835869754,1.0,0.0,227.78955555555558,0.599831313331408,0.5897154741469649,0.0697307840354118
rgbd,2,2,none,10,2,0.8788267983837315,0.7540156611200327,1.617866329158167,0.656167735135355,1.0,0.0,131.59999999999997,,0.0,0.0
rgbd,2,2,flow,10,3,0.9049289619517996,0.8545173650050022,2.0601204737104686,0.6573378274163737,1.0,0.0,132.6999881376038,0.558929159335205,0.09541629074534645,0.057687823305811806
rgbd,2,2,geom,10,6,0.4737187073466253,0.4055511541424743,0.523899858003118,0.4431066691778617,0.6833333333333333,1.0,152.7761246612466,0.7488076874701679,0.2777848633879644,0.06288643259659704
rgbd,3,0,none,10,10,,,,,0.0,0.0,0.0,,,0.0
rgbd,3,0,flow,10,10,,,,,0.0,0.0,0.0,0.0,,0.015066359455434001
rgbd,3,0,geom,10,10,,,,,0.0,0.0,0.0,,,
rgbd,3,1,none,10,5,0.5748267132578945,0.5552561346674818,0.6217176190427859,0.524483066330981,0.7322222222222222,0.5,78.13888888888889,,0.0,0.0
rgbd,3,1,flow,10,5,0.6636704549736974,0.6425402762629042,0.679502177080235,0.4818425736005984,0.7277777777777777,0.5,77.05054886211512,0.23691487807142197,0.02632422960164415,0.051604324792249495
rgbd,3,1,geom,10,9,,0.6745179147637556,0.6745179147637556,,0.19444444444444442,1.0,94.61858585858586,0.4984698535178899,0.09695819570356551,0.05752377903589295
rgbd,3,2,none,10,9,,1.7222202333728436,1.7222202333728436,,0.6244444444444445,1.0,59.084735342452795,,0.0,0.0
rgbd,3,2,flow,10,10,,,,,0.5700000000000001,1.0,60.64809508403814,0.4917957124494281,0.0652086453576816,0.15762334827352195
rgbd,3,2,geom,10,10,,,,,0.0944444444444444,1.0,95.76839826839827,0.7099029195644789,0.2048150807514655,0.1357695723892907
stereo,0,0,none,10,0,0.0080483063320969,0.00665430014116385,0.0093973314243624,0.011206450331328149,1.0,0.0,363.44555555555553,,,0.0
stereo,0,0,flow,10,0,0.0075072129495284,0.00608391753020285,0.0098627025499459,0.0106306785616794,1.0,0.0,359.8188888888889,0.0,,0.00587966692724175
stereo,0,0,geom,10,0,0.008444308061346401,0.00729218845263625,0.0104933307850168,0.010292629246155049,1.0,0.0,285.62111111111113,0.0,,0.174946826190175
stereo,0,1,none,10,0,0.0091107727345415,0.008266378018635674,0.010185633203209175,0.011804773183226251,1.0,0.0,336.2977777777778,,0.0,0.0
stereo,0,1,flow,10,0,0.0087536260957237,0.008411737562287976,0.010606796965861923,0.01185797515612895,1.0,0.0,338.82000000000005,0.4992394171434743,0.14498298769094084,0.00919600048284345
stereo,0,1,geom,10,0,0.0090410846042335,0.0071943031802825,0.010865951176632775,0.010336810978542749,1.0,0.0,276.76444444444445,0.05941929273737895,0.16841455584739534,0.16799717856123947
stereo,0,2,none,10,0,0.5502964962791564,0.133910833356495,1.0518726388628934,0.3087542304067406,1.0,0.0,279.8222222222222,,0.0,0.0
stereo,0,2,flow,10,0,0.36311483860694554,0.1342946420470695,0.8781238587136152,0.22098822215466576,1.0,0.0,280.06444444444446,0.6670352482522424,0.19055754348639395,0.0251835729942689
stereo,0,2,geom,10,0,0.5318263595714428,0.14397093368067462,1.0601057227841217,0.3110851517010351,1.0,0.0,233.16111111111113,0.2077803094678671,0.15437615594366585,0.15635238867201617
stereo,1,0,none,10,0,0.0077837521572602,0.0065662432747057,0.00927863766738125,0.01140210473562415,1.0,0.0,383.85111111111115,,,0.0
stereo,1,0,flow,10,0,0.008399432204831199,0.007005563736372875,0.008943040667778124,0.0110490410919733,1.0,0.0,382.37111111111113,0.0,,0.0065456137106968005
stereo,1,0,geom,10,0,0.00879488531954555,0.007546718241041375,0.0103080293906101,0.0107260205231161,1.0,0.0,275.4377777777778,0.0,,0.245688934470356
stereo,1,1,none,10,0,0.01668610068004745,0.00744247218501275,0.07740324261469585,0.02685308324485015,1.0,0.0,346.2288888888889,,0.0,0.0
stereo,1,1,flow,10,0,0.01226618744208555,0.0072645645738483,0.0172053934220221,0.018656642821815048,1.0,0.0,340.1288888888889,0.46912892616634716,0.11239818194275329,0.010623307742784398
stereo,1,1,geom,10,0,0.0659880571609715,0.00996649397687745,0.16212162850464723,0.05024673147091475,1.0,0.0,264.9411111111111,0.08043616830031361,0.22453656971978192,0.2336772370504338
stereo,1,2,none,10,0,0.48271869529971856,0.19979208172071386,0.9052317972608555,0.3965258416242705,1.0,0.0,254.01777777777778,,0.0,0.0
stereo,1,2,flow,10,0,0.6854243764319087,0.1892754385541543,1.1390682811907564,0.4273727602957441,1.0,0.0,255.9277777777778,0.6109678160154692,0.14863054245163534,0.035225135193107396
stereo,1,2,geom,10,0,0.8233483117061104,0.2588757643726683,1.3853797579902407,0.47682931171259996,1.0,0.0,210.09555555555553,0.27327706569515653,0.19671361050566005,0.21280786802698654
stereo,2,0,none,10,0,0.01069080844163115,0.0079186808736097,0.014523909502971426,0.01402424250489695,1.0,0.0,345.3255555555555,,,0.0
stereo,2,0,flow,10,0,0.014090249437827,0.011111986794966024,0.016175446527557324,0.0169028830181016,1.0,0.0,344.8955555555556,0.0,,0.006318700083403
stereo,2,0,geom,10,0,0.01229593964263355,0.0090362397597516,0.016999043667338974,0.0162022351177779,1.0,0.0,204.50111111111113,0.0,,0.3929471928862247
stereo,2,1,none,10,0,0.6807384836716198,0.172011592224542,1.3009038209116652,0.4847944720283905,1.0,0.0,274.43333333333334,,0.0,0.0
stereo,2,1,flow,10,0,0.6852356958658238,0.19113765205440447,1.218966053010274,0.5062029304505481,1.0,0.0,275.06888888888886,0.39205181963448393,0.04958004412805555,0.01530905218167135
stereo,2,1,geom,10,0,0.6742733273830829,0.06588292419899847,1.3535524905075815,0.3826055138807633,1.0,0.0,180.83444444444444,0.1458167849610295,0.3159604188978212,0.36515609093511714
stereo,2,2,none,10,0,1.6407835085855964,1.1605180582853758,2.1082542536944695,0.7666166731950237,1.0,0.0,159.85444444444445,,0.0,0.0
stereo,2,2,flow,10,1,1.052563826656577,0.8825925851354522,2.148158713990901,0.663415949974473,1.0,0.0,158.35999999999999,0.5566952249489365,0.0938490490573197,0.0588400896284256
stereo,2,2,geom,10,3,1.2077697245387502,1.109961146700905,1.557272656591584,0.6699646768501438,0.9633333333333334,0.5,127.20444049031238,0.37780671038891245,0.1983435351129196,0.2668709555332195
stereo,3,0,none,10,10,,,,,0.0,0.0,0.0,,,0.0
stereo,3,0,flow,10,10,,,,,0.0,0.0,0.0,0.0,,0.015066359455434001
stereo,3,0,geom,10,10,,,,,0.0,0.0,0.0,,,
stereo,3,1,none,10,0,0.9471201065932809,0.5684118966469055,1.2611641650108267,0.5986891395574021,0.9988888888888889,0.0,98.06254887404108,,0.0,0.0
stereo,3,1,flow,10,0,1.1788743068277983,0.6750235749436565,1.7133025855186235,0.6462482057604433,0.9944444444444445,0.0,95.09625468164793,0.2401773882440234,0.02652995296756215,0.0509448016030885
stereo,3,1,geom,10,10,,,,,0.48777777777777775,1.0,85.6760410349707,0.445519436214247,0.20464509172424555,0.15026136659718595
stereo,3,2,none,10,6,2.4453237864588075,2.3966724542395705,2.4955339189408035,0.7272267035897366,0.5700000000000001,1.0,82.29595785440613,,0.0,0.0
stereo,3,2,flow,10,8,,2.4467138736191325,2.460285824042823,,0.5700000000000001,1.0,69.69152656767702,0.4824794836632921,0.06299784605139655,0.15446154192998635
stereo,3,2,geom,10,10,,,,,0.5122222222222221,1.0,100.90652173913044,0.7243918725343979,0.18446590935102863,0.1481774765513078
